ID,Title,Author,Year,Format,File
1,Negeri di ujung tanduk,Tere Liye,2013,PDF,ebook/Negeri di ujung tanduk.pdf
2,Ayat-ayat api,Habiburrahman El Shirazy,2012,PDF,ebook/Ayat-ayat api.pdf
3,Pada Senja yg membawamu pergi,Boy Candra,2016,PDF,ebook/Boy Candra - Pada Senja yg membawamu pergi.pdf
4,Bumi,Tere Liye,2014,PDF,ebook/Bumi Tere liye.pdf
5,Konspirasi alam semesta,fiersa besari,2017,PDF,ebook/Konspirasi alam semesta - fiersa besari.pdf
6,Resume Seminar kuliah tamu,Muhammad Nazril Hashemian,13040123140131,PDf,ebook/Resume Seminar kuliah tamu.pdf
7,Tenggelamnya kapal van der wijck,Hamka,1939,PDF,ebook/Tenggelamnya kapal van der wijck.pdf
8,Bulan,Tere Liye,2015,PDF,ebook/Tere Liye - Bulan.pdf
9,Matahari,Tere Liye,2016,PDF,ebook/Tere Liye Matahari.pdf.pdf
10,tentang kamu,Tere Liye,2016,PDF,ebook/Tere liye - tentang kamu.pdf
11,the falling leaf never hates the,Tere Liye,2006,PDF,ebook/Tere liye - the falling leaf never hates the .pdf
12,Yang fana adalah waktu,Sapardi Djoko Damono,2012,PDF,ebook/Yang fana adalah waktu.pdf
